Item code,Banner data,Comments item code
50058,"{'sats': '0 sats', 'boost': None, 'comments': '1 reply', 'author': 'cryptocoin', 'tag': 'bitcoin', 'timestamp': '2022-07-26 22:55:59'}",[50106]
161830,"{'sats': '0 sats', 'boost': None, 'comments': '0 replies', 'author': 'l0k18', 'tag': 'bitcoin', 'timestamp': '2023-04-07 08:54:39'}",[]
148059,"{'sats': '0 sats', 'boost': None, 'comments': '0 replies', 'author': 'TheBTCManual', 'tag': 'bitcoin', 'timestamp': '2023-03-06 05:18:44'}",[]
75907,"{'sats': '443 sats', 'boost': None, 'comments': '0 replies', 'author': 'kr', 'tag': 'bitcoin', 'timestamp': '2022-09-30 22:29:06'}",[]
50216,"{'sats': '120 sats', 'boost': None, 'comments': '2 replies', 'author': 'sb', 'tag': 'bitcoin', 'timestamp': '2022-07-27 10:49:30'}","[50219, 50615]"
52323,"{'sats': None, 'boost': None, 'comments': '0 replies', 'author': 'contacto', 'tag': 'freebie', 'timestamp': '2022-07-31 20:17:42'}",[]
187528,"{'sats': '0 sats', 'boost': None, 'comments': '0 replies', 'author': '2bithits', 'tag': 'bitcoin', 'timestamp': '2023-06-03 05:50:09'}",[]
35128,"{'sats': '0 sats', 'boost': None, 'comments': '0 replies', 'author': 'DarthCoin', 'tag': 'bitcoin', 'timestamp': '2022-06-08 17:30:16'}",[]
160228,"{'sats': '0 sats', 'boost': None, 'comments': '0 replies', 'author': 'bromeo339', 'tag': 'freebie', 'timestamp': '2023-04-02 22:14:51'}",[]
183981,"{'sats': '0 sats', 'boost': None, 'comments': '0 replies', 'author': 'hn', 'tag': 'tech', 'timestamp': '2023-05-25 22:00:05'}",[]
82698,"{'sats': '0 sats', 'boost': None, 'comments': '2 replies', 'author': 'Rock', 'tag': 'bitcoin', 'timestamp': '2022-10-17 21:47:10'}","[82706, 82707]"
65085,"{'sats': '212 sats', 'boost': None, 'comments': '1 reply', 'author': 'k00b', 'tag': 'bitcoin', 'timestamp': '2022-08-31 15:43:12'}",[65111]
115839,"{'sats': '0 sats', 'boost': None, 'comments': '0 replies', 'author': 'TheBTCManual', 'tag': 'nostr', 'timestamp': '2023-01-01 07:21:37'}",[]
10537,"{'sats': '5 sats', 'boost': None, 'comments': '0 replies', 'author': 'cointastical', 'tag': 'bitcoin', 'timestamp': '2022-02-06 20:20:32'}",[]
74536,"{'sats': '10 sats', 'boost': None, 'comments': '0 replies', 'author': 'timechain', 'tag': 'bitcoin', 'timestamp': '2022-09-28 00:21:10'}",[]
143217,"{'sats': '0 sats', 'boost': None, 'comments': '3 replies', 'author': 'arcanox', 'tag': 'bitcoin', 'timestamp': '2023-02-24 17:28:25'}","[143591, 143387, 143805]"
5778,"{'sats': None, 'boost': None, 'comments': '0 replies', 'author': 'ugmug', 'tag': 'bitcoin', 'timestamp': '2021-12-05 16:57:07'}",[]
156976,"{'sats': '3 sats', 'boost': None, 'comments': '0 replies', 'author': 'jk', 'tag': 'bitcoin', 'timestamp': '2023-03-26 08:05:19'}",[]
42471,"{'sats': '5 sats', 'boost': None, 'comments': '0 replies', 'author': 'senf', 'tag': 'freebie', 'timestamp': '2022-07-08 01:55:23'}",[]
36938,"{'sats': '0 sats', 'boost': None, 'comments': '1 reply', 'author': 'cryptocoin', 'tag': 'bitcoin', 'timestamp': '2022-06-16 22:40:03'}",[36949]
99224,"{'sats': '25 sats', 'boost': None, 'comments': '2 replies', 'author': 'tomlaies', 'tag': 'bitcoin', 'timestamp': '2022-11-27 07:50:45'}","[99328, 99427]"
137738,"{'sats': '0 sats', 'boost': None, 'comments': '0 replies', 'author': '01xCc', 'tag': 'bitcoin', 'timestamp': '2023-02-16 16:50:49'}",[]
174921,"{'sats': '0 sats', 'boost': None, 'comments': '0 replies', 'author': 't4es5ter5', 'tag': 'bitcoin', 'timestamp': '2023-05-06 20:09:26'}",[]
78740,"{'sats': '106 sats', 'boost': None, 'comments': '0 replies', 'author': 'BlokchainB', 'tag': 'bitcoin', 'timestamp': '2022-10-07 23:48:28'}",[]
175028,"{'sats': '10 sats', 'boost': None, 'comments': '0 replies', 'author': 'P2P', 'tag': 'bitcoin', 'timestamp': '2023-05-07 03:55:28'}",[]
120170,"{'sats': '0 sats', 'boost': None, 'comments': '0 replies', 'author': 'kristapsk', 'tag': 'bitcoin', 'timestamp': '2023-01-10 11:52:56'}",[]
29054,"{'sats': '0 sats', 'boost': None, 'comments': '0 replies', 'author': '022d99acc7', 'tag': 'freebie', 'timestamp': '2022-05-17 09:33:12'}",[]
24233,"{'sats': '3 sats', 'boost': None, 'comments': '0 replies', 'author': 'gmd', 'tag': 'bitcoin', 'timestamp': '2022-04-30 20:16:48'}",[]
126157,"{'sats': '40 sats', 'boost': None, 'comments': '4 replies', 'author': 'ama', 'tag': 'nostr', 'timestamp': '2023-01-24 10:58:23'}","[126329, 126330, 126590, 126602]"
68262,"{'sats': '25 sats', 'boost': None, 'comments': '0 replies', 'author': 'metamick14', 'tag': 'bitcoin', 'timestamp': '2022-09-10 16:43:54'}",[]
137373,"{'sats': '10 sats', 'boost': None, 'comments': '0 replies', 'author': 'gandlaf21', 'tag': 'bitcoin', 'timestamp': '2023-02-16 07:20:01'}",[]
88200,"{'sats': '0 sats', 'boost': None, 'comments': '0 replies', 'author': 'go', 'tag': 'bitcoin', 'timestamp': '2022-11-01 17:54:11'}",[]
48374,"{'sats': '0 sats', 'boost': None, 'comments': '4 replies', 'author': 'EnormousPony', 'tag': 'bitcoin', 'timestamp': '2022-07-22 17:25:32'}","[48379, 48417, 48455, 48473]"
64213,"{'sats': '100 sats', 'boost': None, 'comments': '1 reply', 'author': 'DeezSats', 'tag': 'bitcoin', 'timestamp': '2022-08-29 15:03:14'}",[64481]
8701,"{'sats': '10 sats', 'boost': None, 'comments': '0 replies', 'author': 'DarthCoin', 'tag': 'bitcoin', 'timestamp': '2022-01-23 15:50:36'}",[]
105852,"{'sats': '5 sats', 'boost': None, 'comments': '1 reply', 'author': 'Wumbo', 'tag': 'bitcoin', 'timestamp': '2022-12-12 13:43:16'}",[105878]
195015,"{'sats': '0 sats', 'boost': None, 'comments': '0 replies', 'author': 'mudbloodvonfrei', 'tag': 'bitcoin', 'timestamp': '2023-06-17 18:06:29'}",[]
190099,"{'sats': '309 sats', 'boost': None, 'comments': '1 reply', 'author': 'OriginalSize', 'tag': 'bitcoin', 'timestamp': '2023-06-08 20:25:42'}",[190107]
28201,"{'sats': '0 sats', 'boost': None, 'comments': '1 reply', 'author': 'k00b', 'tag': 'bitcoin', 'timestamp': '2022-05-13 21:04:50'}",[28212]
167930,"{'sats': '73 sats', 'boost': None, 'comments': '0 replies', 'author': 'DarthCoin', 'tag': 'bitcoin', 'timestamp': '2023-04-21 19:01:37'}",[]
119689,"{'sats': '99 sats', 'boost': None, 'comments': '2 replies', 'author': 'chungkingexpress', 'tag': 'bitcoin', 'timestamp': '2023-01-09 11:10:14'}","[119956, 119989]"
10361,"{'sats': '0 sats', 'boost': None, 'comments': '0 replies', 'author': 'plebpegasus', 'tag': 'bitcoin', 'timestamp': '2022-02-05 22:17:13'}",[]
124347,"{'sats': '193 sats', 'boost': None, 'comments': '0 replies', 'author': 'KatieTheRussian', 'tag': 'bitcoin', 'timestamp': '2023-01-19 17:24:57'}",[]
9971,"{'sats': '0 sats', 'boost': None, 'comments': '6 replies', 'author': 'DarthCoin', 'tag': 'bitcoin', 'timestamp': '2022-02-03 17:25:34'}",[9973]
165119,"{'sats': '0 sats', 'boost': None, 'comments': '0 replies', 'author': 'criptopanas', 'tag': 'bitcoin', 'timestamp': '2023-04-15 07:28:51'}",[]
193381,"{'sats': '0 sats', 'boost': None, 'comments': '0 replies', 'author': 'SteveZissou', 'tag': 'bitcoin', 'timestamp': '2023-06-14 17:03:31'}",[]
154312,"{'sats': '0 sats', 'boost': None, 'comments': '0 replies', 'author': 'random', 'tag': 'bitcoin', 'timestamp': '2023-03-20 07:50:56'}",[]
128142,"{'sats': '30 sats', 'boost': None, 'comments': '6 replies', 'author': 'siggy47', 'tag': 'bitcoin', 'timestamp': '2023-01-29 11:18:34'}","[128182, 128189, 128164, 128165, 128170, 128172]"
29126,"{'sats': '4 sats', 'boost': None, 'comments': '2 replies', 'author': 'ideasourcing', 'tag': 'bitcoin', 'timestamp': '2022-05-17 13:01:55'}","[29128, 29315]"
31240,"{'sats': '0 sats', 'boost': None, 'comments': '0 replies', 'author': 'Ge', 'tag': 'bitcoin', 'timestamp': '2022-05-24 17:51:31'}",[]
11977,"{'sats': '0 sats', 'boost': None, 'comments': '1 reply', 'author': 'KenyaCoin', 'tag': 'bitcoin', 'timestamp': '2022-02-19 17:15:34'}",[11979]
196507,"{'sats': '0 sats', 'boost': None, 'comments': '0 replies', 'author': 'hilokj', 'tag': 'bitcoin', 'timestamp': '2023-06-20 13:36:35'}",[]
147461,"{'sats': '1957 sats', 'boost': None, 'comments': '0 replies', 'author': 'Chep', 'tag': 'bitcoin', 'timestamp': '2023-03-05 02:20:31'}",[]
92408,"{'sats': '303 sats', 'boost': None, 'comments': '4 replies', 'author': 'iguano', 'tag': 'bitcoin', 'timestamp': '2022-11-11 01:43:15'}","[92560, 92621, 93772, 92472]"
117932,"{'sats': '27 sats', 'boost': None, 'comments': '8 replies', 'author': 'Eximpius', 'tag': 'nostr', 'timestamp': '2023-01-05 17:36:04'}","[117936, 117938, 117948, 117951, 118401, 118420, 117950, 117955]"
111678,"{'sats': '0 sats', 'boost': None, 'comments': '0 replies', 'author': 'nym', 'tag': 'bitcoin', 'timestamp': '2022-12-25 10:08:52'}",[]
98581,"{'sats': '5 sats', 'boost': None, 'comments': '0 replies', 'author': 'mf', 'tag': 'bitcoin', 'timestamp': '2022-11-25 12:24:42'}",[]
66051,"{'sats': '5 sats', 'boost': None, 'comments': '0 replies', 'author': 'TheBTCManual', 'tag': 'bitcoin', 'timestamp': '2022-09-03 15:14:06'}",[]
174904,"{'sats': '0 sats', 'boost': None, 'comments': '1 reply', 'author': 'kepford', 'tag': 'bitcoin', 'timestamp': '2023-05-06 18:42:16'}",[175032]
150463,"{'sats': '0 sats', 'boost': None, 'comments': '0 replies', 'author': 'REDACTED', 'tag': 'bitcoin', 'timestamp': '2023-03-10 15:24:27'}",[]
157125,"{'sats': '0 sats', 'boost': None, 'comments': '0 replies', 'author': 'nym', 'tag': 'bitcoin', 'timestamp': '2023-03-26 14:09:41'}",[]
46008,"{'sats': '100 sats', 'boost': None, 'comments': '1 reply', 'author': 'tomlaies', 'tag': 'bitcoin', 'timestamp': '2022-07-16 15:21:43'}",[46091]
59260,"{'sats': '31 sats', 'boost': None, 'comments': '5 replies', 'author': 'el', 'tag': 'bitcoin', 'timestamp': '2022-08-15 22:15:46'}","[59269, 59327, 59376, 59275, 59274]"
163248,"{'sats': '0 sats', 'boost': None, 'comments': '1 reply', 'author': 'DarthCoin', 'tag': 'bitcoin', 'timestamp': '2023-04-11 09:41:14'}",[163368]
124463,"{'sats': '17 sats', 'boost': None, 'comments': '2 replies', 'author': 'calle', 'tag': 'bitcoin', 'timestamp': '2023-01-19 23:36:10'}","[124585, 124605]"
58290,"{'sats': '0 sats', 'boost': None, 'comments': '4 replies', 'author': 'notgeld', 'tag': 'bitcoin', 'timestamp': '2022-08-12 19:27:12'}","[58322, 58565, 58623, 58376]"
70871,"{'sats': '66 sats', 'boost': None, 'comments': '1 reply', 'author': 'faithandcredit', 'tag': 'bitcoin', 'timestamp': '2022-09-16 16:56:34'}",[70872]
54731,"{'sats': '0 sats', 'boost': None, 'comments': '0 replies', 'author': 'SimpleStacker', 'tag': 'bitcoin', 'timestamp': '2022-08-05 00:26:20'}",[]
147865,"{'sats': '0 sats', 'boost': None, 'comments': '0 replies', 'author': 'aggreyshayo7', 'tag': 'bitcoin', 'timestamp': '2023-03-05 19:46:35'}",[]
149220,"{'sats': '20 sats', 'boost': None, 'comments': '2 replies', 'author': '0fje0', 'tag': 'bitcoin', 'timestamp': '2023-03-08 03:45:36'}","[149764, 149317]"
148229,"{'sats': '41 sats', 'boost': None, 'comments': '0 replies', 'author': 'nullama', 'tag': 'bitcoin', 'timestamp': '2023-03-06 13:45:53'}",[]
24060,"{'sats': '251 sats', 'boost': None, 'comments': '6 replies', 'author': 'john', 'tag': 'bitcoin', 'timestamp': '2022-04-29 23:47:09'}","[24501, 25396, 26057, 26369, 24079, 24155]"
40034,"{'sats': '0 sats', 'boost': None, 'comments': '2 replies', 'author': 'faithandcredit', 'tag': 'bitcoin', 'timestamp': '2022-06-30 15:25:42'}","[40071, 40237]"
124852,"{'sats': '0 sats', 'boost': None, 'comments': '0 replies', 'author': 'Onions', 'tag': 'bitcoin', 'timestamp': '2023-01-20 22:15:31'}",[]
55954,"{'sats': '0 sats', 'boost': None, 'comments': '0 replies', 'author': 'k00b', 'tag': 'bitcoin', 'timestamp': '2022-08-07 16:03:27'}",[]
140567,"{'sats': '0 sats', 'boost': None, 'comments': '1 reply', 'author': 'benthecarman', 'tag': 'nostr', 'timestamp': '2023-02-20 16:16:38'}",[140580]
142215,"{'sats': '0 sats', 'boost': None, 'comments': '0 replies', 'author': '022fbc9cef', 'tag': 'bitcoin', 'timestamp': '2023-02-23 05:10:27'}",[]
172605,"{'sats': '0 sats', 'boost': None, 'comments': '0 replies', 'author': 'TheBTCManual', 'tag': 'bitcoin', 'timestamp': '2023-05-02 07:09:29'}",[]
131199,"{'sats': '21 sats', 'boost': None, 'comments': '2 replies', 'author': 'k00b', 'tag': 'meta', 'timestamp': '2023-02-04 15:37:40'}","[131204, 131206]"
104080,"{'sats': '30 sats', 'boost': None, 'comments': '0 replies', 'author': 'nikicat', 'tag': 'bitcoin', 'timestamp': '2022-12-08 19:13:32'}",[]
164221,"{'sats': '0 sats', 'boost': None, 'comments': '1 reply', 'author': 'ekzyis', 'tag': 'bitcoin', 'timestamp': '2023-04-13 13:43:24'}",[164827]
60782,"{'sats': '0 sats', 'boost': None, 'comments': '1 reply', 'author': 'Brunswick', 'tag': 'bitcoin', 'timestamp': '2022-08-19 11:36:44'}",[60829]
29424,"{'sats': '20 sats', 'boost': None, 'comments': '0 replies', 'author': 'anarkio', 'tag': 'bitcoin', 'timestamp': '2022-05-18 07:07:44'}",[]
93371,"{'sats': '0 sats', 'boost': None, 'comments': '0 replies', 'author': 'DarthCoin', 'tag': 'bitcoin', 'timestamp': '2022-11-13 08:30:48'}",[]
131921,"{'sats': '0 sats', 'boost': None, 'comments': '0 replies', 'author': 'jerry', 'tag': 'bitcoin', 'timestamp': '2023-02-06 07:41:08'}",[]
43308,"{'sats': '69 sats', 'boost': None, 'comments': '0 replies', 'author': 'AJ', 'tag': 'bitcoin', 'timestamp': '2022-07-10 17:23:21'}",[]
2317,"{'sats': None, 'boost': None, 'comments': '0 replies', 'author': 'DarthCoin', 'tag': 'freebie', 'timestamp': '2021-09-20 11:23:58'}",[]
139828,"{'sats': '0 sats', 'boost': None, 'comments': '0 replies', 'author': 'jozelito83', 'tag': 'jobs', 'timestamp': '2023-02-19 17:17:18'}",[]
56909,"{'sats': '25 sats', 'boost': None, 'comments': '0 replies', 'author': '0391398253', 'tag': 'bitcoin', 'timestamp': '2022-08-09 19:19:56'}",[]
184589,"{'sats': '0 sats', 'boost': None, 'comments': '0 replies', 'author': 'grayruby', 'tag': 'bitcoin', 'timestamp': '2023-05-27 15:21:49'}",[]
168343,"{'sats': '0 sats', 'boost': None, 'comments': '1 reply', 'author': 'go', 'tag': 'bitcoin', 'timestamp': '2023-04-23 00:16:16'}",[169657]
113399,"{'sats': '0 sats', 'boost': None, 'comments': '0 replies', 'author': 'nym', 'tag': 'bitcoin', 'timestamp': '2022-12-26 23:37:51'}",[]
16797,"{'sats': '31 sats', 'boost': None, 'comments': '0 replies', 'author': 'cointastical', 'tag': 'bitcoin', 'timestamp': '2022-03-29 00:51:51'}",[]
71763,"{'sats': '0 sats', 'boost': None, 'comments': '0 replies', 'author': 'quest77', 'tag': 'outlawed', 'timestamp': '2022-09-19 18:30:51'}",[]
75752,"{'sats': '220 sats', 'boost': None, 'comments': '1 reply', 'author': 'DarthCoin', 'tag': 'bitcoin', 'timestamp': '2022-09-30 16:12:57'}",[75755]
199802,"{'sats': '13 sats', 'boost': None, 'comments': '0 replies', 'author': '0000', 'tag': 'bitcoin', 'timestamp': '2023-06-26 16:00:49'}",[]
56228,"{'sats': '11 sats', 'boost': None, 'comments': '2 replies', 'author': 'faithandcredit', 'tag': 'bitcoin', 'timestamp': '2022-08-08 10:09:22'}","[56233, 56243]"
197005,"{'sats': '0 sats', 'boost': None, 'comments': '0 replies', 'author': '03365d6a53', 'tag': 'bitcoin', 'timestamp': '2023-06-21 09:07:25'}",[]
57657,"{'sats': '0 sats', 'boost': None, 'comments': '0 replies', 'author': 'go', 'tag': 'bitcoin', 'timestamp': '2022-08-11 14:21:24'}",[]
73556,"{'sats': '25 sats', 'boost': None, 'comments': '0 replies', 'author': 'ExponentialBTC', 'tag': 'bitcoin', 'timestamp': '2022-09-24 09:57:27'}",[]
92658,"{'sats': '156 sats', 'boost': None, 'comments': '0 replies', 'author': 'Wumbo', 'tag': 'bitcoin', 'timestamp': '2022-11-11 17:00:11'}",[]
4766,"{'sats': '124 sats', 'boost': None, 'comments': '1 reply', 'author': 'nout', 'tag': 'bitcoin', 'timestamp': '2021-11-11 01:15:05'}",[4776]
99595,"{'sats': '0 sats', 'boost': None, 'comments': '0 replies', 'author': 'joemartinmusic', 'tag': 'bitcoin', 'timestamp': '2022-11-28 11:16:40'}",[]
179787,"{'sats': '296 sats', 'boost': None, 'comments': '1 reply', 'author': 'nerd2ninja', 'tag': 'bitcoin', 'timestamp': '2023-05-17 10:57:56'}",[179854]
99270,"{'sats': '0 sats', 'boost': None, 'comments': '0 replies', 'author': 'siggy47', 'tag': 'bitcoin', 'timestamp': '2022-11-27 11:46:33'}",[]
59595,"{'sats': '0 sats', 'boost': None, 'comments': '0 replies', 'author': 'Wil', 'tag': 'bitcoin', 'timestamp': '2022-08-16 20:57:31'}",[]
194517,"{'sats': '0 sats', 'boost': None, 'comments': '0 replies', 'author': 'grayruby', 'tag': 'bitcoin', 'timestamp': '2023-06-16 16:22:51'}",[]
7443,"{'sats': '0 sats', 'boost': None, 'comments': '0 replies', 'author': 'base58btc', 'tag': 'freebie', 'timestamp': '2022-01-08 05:52:17'}",[]
8553,"{'sats': '0 sats', 'boost': None, 'comments': '0 replies', 'author': 'cryptocoin', 'tag': 'bitcoin', 'timestamp': '2022-01-20 21:53:03'}",[]
40693,"{'sats': '0 sats', 'boost': None, 'comments': '0 replies', 'author': 'siggy47', 'tag': 'bitcoin', 'timestamp': '2022-07-02 22:43:51'}",[]
131977,"{'sats': '0 sats', 'boost': None, 'comments': '0 replies', 'author': 'TheBTCManual', 'tag': 'nostr', 'timestamp': '2023-02-06 11:06:41'}",[]
121379,"{'sats': '292 sats', 'boost': None, 'comments': '0 replies', 'author': 'brugeman', 'tag': 'bitcoin', 'timestamp': '2023-01-12 17:32:02'}",[]
93164,"{'sats': '10 sats', 'boost': None, 'comments': '0 replies', 'author': 'faxwmnhviomb', 'tag': 'bitcoin', 'timestamp': '2022-11-12 17:24:07'}",[]
99334,"{'sats': '0 sats', 'boost': None, 'comments': '7 replies', 'author': 'sommerfeld', 'tag': 'bitcoin', 'timestamp': '2022-11-27 16:16:29'}","[99335, 99336, 99339, 99342, 99345, 99347, 99349]"
63133,"{'sats': '100 sats', 'boost': None, 'comments': '0 replies', 'author': 'fiatjaf', 'tag': 'bitcoin', 'timestamp': '2022-08-25 14:58:36'}",[]
65059,"{'sats': '0 sats', 'boost': None, 'comments': '0 replies', 'author': 'DarthCoin', 'tag': 'bitcoin', 'timestamp': '2022-08-31 12:40:29'}",[]
68498,"{'sats': '100 sats', 'boost': None, 'comments': '0 replies', 'author': 'el', 'tag': 'bitcoin', 'timestamp': '2022-09-11 10:48:20'}",[]
109289,"{'sats': '465 sats', 'boost': None, 'comments': '2 replies', 'author': 'snakedye', 'tag': 'bitcoin', 'timestamp': '2022-12-19 21:43:04'}","[109290, 109315]"
94242,"{'sats': None, 'boost': None, 'comments': '1 reply', 'author': '01xCc', 'tag': 'bitcoin', 'timestamp': '2022-11-15 06:00:07'}",[94244]
109415,"{'sats': '0 sats', 'boost': None, 'comments': '0 replies', 'author': '1971Bubble', 'tag': 'bitcoin', 'timestamp': '2022-12-20 06:47:57'}",[]
94151,"{'sats': '543 sats', 'boost': None, 'comments': '0 replies', 'author': 'cryptocoin', 'tag': 'bitcoin', 'timestamp': '2022-11-14 23:22:15'}",[]
134836,"{'sats': '0 sats', 'boost': None, 'comments': '1 reply', 'author': 'petertodd', 'tag': 'bitcoin', 'timestamp': '2023-02-11 15:33:44'}",[135041]
83906,"{'sats': '330 sats', 'boost': None, 'comments': '0 replies', 'author': 'niek0', 'tag': 'freebie', 'timestamp': '2022-10-20 21:56:15'}",[]
144957,"{'sats': '0 sats', 'boost': None, 'comments': '0 replies', 'author': 'mallardshead', 'tag': 'bitcoin', 'timestamp': '2023-02-28 01:34:02'}",[]
44109,"{'sats': '0 sats', 'boost': None, 'comments': '0 replies', 'author': 'faithandcredit', 'tag': 'bitcoin', 'timestamp': '2022-07-12 15:04:57'}",[]
181483,"{'sats': '50 sats', 'boost': None, 'comments': '2 replies', 'author': 'BitcoinFoqus', 'tag': 'bitcoin', 'timestamp': '2023-05-20 19:45:38'}","[181506, 181495]"
181506,"{'sats': '0 sats', 'boost': None, 'comments': '0 replies', 'author': 'nout', 'tag': 'bitcoin', 'timestamp': '2023-05-20 20:52:52'}",[]
33491,"{'sats': '0 sats', 'boost': None, 'comments': '0 replies', 'author': 'andyleroy', 'tag': 'bitcoin', 'timestamp': '2022-06-02 13:50:57'}",[]
158351,"{'sats': '0 sats', 'boost': None, 'comments': '2 replies', 'author': 'moel', 'tag': 'bitcoin', 'timestamp': '2023-03-29 12:17:33'}","[158573, 243022]"
141767,"{'sats': '0 sats', 'boost': None, 'comments': '2 replies', 'author': 'joyepzion', 'tag': 'bitcoin', 'timestamp': '2023-02-22 14:26:32'}","[141949, 141811]"
45400,"{'sats': None, 'boost': None, 'comments': '1 reply', 'author': 'editnym', 'tag': 'bitcoin', 'timestamp': '2022-07-14 23:39:16'}",[45402]
185251,"{'sats': '432 sats', 'boost': None, 'comments': '0 replies', 'author': 'shyfire', 'tag': 'bitcoin', 'timestamp': '2023-05-29 05:33:44'}",[]
174691,"{'sats': None, 'boost': None, 'comments': '0 replies', 'author': 'nout', 'tag': 'bitcoin', 'timestamp': '2023-05-06 07:42:25'}",[]
